# The case map: one row per renamed TEST_CASE or SUBCASE -- its file, its old name, its new name,
# tab-separated, each name as the source spells it with its literals joined. It is the one owner
# of a rename: cases.py applies it, prove.py puts each old name back before it compares, and a
# rename it does not hold is a difference. A row struck with a leading `#` is not applied. It
# holds the rows of one pull request; earlier rows are in Git and in their report.
tests/test_kernel.cpp	RTH-1: a loaded handler that throws is reported, not announced as delivered	a loaded handler that throws is reported, not announced as delivered
tests/test_kernel.cpp	BL-4: the descriptor's three same-signature doors each answer for themselves	the descriptor's three same-signature doors each answer for themselves
tests/test_kernel.cpp	the agreement wall follows LIVE claims, not the history of registrations (BL-0)	the agreement wall follows LIVE claims, not the history of registrations
tests/test_kernel.cpp	a rejected candidate leaves no schema residue (BL-0 closes the R2A-1a pin)	a rejected candidate leaves no schema residue
tests/test_kernel.cpp	schema admission: the copied weave that kept `Ping v1`'s name is refused at load with the guide's sentence, natively hosted or not (P-LOOM-06)	schema admission: the copied weave that kept `Ping v1`'s name is refused at load with the guide's sentence, natively hosted or not
tests/test_kernel.cpp	many rejected candidates leave no accumulation (BL-0 boundedness)	many rejected candidates leave no accumulation
tests/test_kernel.cpp	R2B-2: a loaded steward answers after its handler returned, and only once	a loaded steward answers after its handler returned, and only once
tests/test_kernel.cpp	R2B-2: a loaded successor inherits the token and is still refused — reload is a new incarnation across the seam too	a loaded successor inherits the token and is still refused — reload is a new incarnation across the seam too
tests/test_kernel.cpp	R2B-2: the requester dying strands a loaded steward's answer rather than misdelivering it	the requester dying strands a loaded steward's answer rather than misdelivering it
tests/test_kernel.cpp	R2B-2: a second loaded steward holding the same token cannot finish somebody else's conversation	a second loaded steward holding the same token cannot finish somebody else's conversation
tests/test_kernel.cpp	R2B-3: a sealed candidate is loaded from a real artifact and is NOT in the world	a sealed candidate is loaded from a real artifact and is NOT in the world
tests/test_kernel.cpp	R2B-3: a sealed candidate cannot speak into the world, and every attempt is named	a sealed candidate cannot speak into the world, and every attempt is named
tests/test_kernel.cpp	R2B-3: commit is ONE visible change — no observer sees a gap, two holders, or a role pointing at a sealed weave	commit is ONE visible change — no observer sees a gap, two holders, or a role pointing at a sealed weave
tests/test_kernel.cpp	R2B-3: a refused commit changes NOTHING — it is observationally identical to never having tried	a refused commit changes NOTHING — it is observationally identical to never having tried
tests/test_kernel.cpp	R2B-3: an artifact that cannot load never becomes a candidate, and the incumbent does not notice	an artifact that cannot load never becomes a candidate, and the incumbent does not notice
tests/test_kernel.cpp	R2B-3: abandoning a prepared candidate leaves the world as it was, and its speech cannot leak afterwards	abandoning a prepared candidate leaves the world as it was, and its speech cannot leak afterwards
tests/test_kernel.cpp	R2B-3b: a coordinator successor inherits neither the candidate nor its conversation	a coordinator successor inherits neither the candidate nor its conversation
tests/test_kernel.cpp	R2B-3b: at admission the candidate's FIRST live delivery is its activation, even though production was queued for the role before commit	at admission the candidate's FIRST live delivery is its activation, even though production was queued for the role before commit
tests/test_kernel.cpp	R2B-3b: after admission the incumbent is sealed for retirement — no production of any kind, and the coordinator can still reach it	after admission the incumbent is sealed for retirement — no production of any kind, and the coordinator can still reach it
tests/test_kernel.cpp	R2B-3b: admission refuses without Loom's own authority, and a refusal changes nothing	admission refuses without Loom's own authority, and a refusal changes nothing
tests/test_kernel.cpp	R2B-3b-1a: a coordinator successor cannot admit its predecessor's candidate, and the refusal changes nothing	a coordinator successor cannot admit its predecessor's candidate, and the refusal changes nothing
tests/test_kernel.cpp	R2B-3b-1a: the unchanged exact coordinator still admits — the positive control the refusals above would otherwise be meaningless without	the unchanged exact coordinator still admits — the positive control the refusals above would otherwise be meaningless without
tests/test_kernel.cpp	R2B-3b-1a: sealing refuses a dead coordinator and refuses to reseal	sealing refuses a dead coordinator and refuses to reseal
tests/test_kernel.cpp	R2B-3b-1a: every other admission refusal is named, and none of them touch topology	every other admission refusal is named, and none of them touch topology
tests/test_kernel.cpp	R2B-3b-1a: mail.answer() means the same thing natively and dynamically	mail.answer() means the same thing natively and dynamically
tests/test_kernel.cpp	R2B-3b-1a: the dynamic answer is authentic when the ask arrives BY ROLE, and a forged ordinary reply is not	the dynamic answer is authentic when the ask arrives BY ROLE, and a forged ordinary reply is not
tests/test_kernel.cpp	R2B-3b-1a: one delivery authorizes one dynamic answer, and the second is refused rather than silently dropped	one delivery authorizes one dynamic answer, and the second is refused rather than silently dropped
tests/test_kernel.cpp	R2B-3b-1a: a dynamic immediate answer consumes no deferred-answer capacity — proven with the registry already FULL	a dynamic immediate answer consumes no deferred-answer capacity — proven with the registry already FULL
tests/test_kernel.cpp	R2B-3b-1a: a dynamic answer obeys the requester and sender lifecycle laws exactly as a native one does	a dynamic answer obeys the requester and sender lifecycle laws exactly as a native one does
tests/test_kernel.cpp	R2B-3b-1a: an artifact built against the previous ABI is refused, naming both versions	an artifact built against the previous ABI is refused, naming both versions
tests/test_kernel.cpp	R2B-3b-2: one prepared replacement, remembered from Preparing to Committed	one prepared replacement, remembered from Preparing to Committed
tests/test_kernel.cpp	R2B-3b-2: the registry is bounded, one transaction per incumbent, and every ending returns the slot	the registry is bounded, one transaction per incumbent, and every ending returns the slot
tests/test_kernel.cpp	R2B-3b-2: the state machine has no back doors	the state machine has no back doors
tests/test_kernel.cpp	R2B-3b-2: the preparation budget is deterministic, and exhausting it aborts	the preparation budget is deterministic, and exhausting it aborts
tests/test_kernel.cpp	R2B-3b-2: a participant that changes aborts its own transaction and only its own	a participant that changes aborts its own transaction and only its own
tests/test_kernel.cpp	R2B-3b-2: the incumbent drifting aborts the transaction rather than retargeting it	the incumbent drifting aborts the transaction rather than retargeting it
tests/test_kernel.cpp	R2B-3b-2: commit revalidates, and a precondition that drifts after Ready refuses without moving anything	commit revalidates, and a precondition that drifts after Ready refuses without moving anything
tests/test_kernel.cpp	R2B-3b-2: a Ready transaction whose ADMISSION refuses aborts terminally rather than claiming success	a Ready transaction whose ADMISSION refuses aborts terminally rather than claiming success
tests/test_kernel.cpp	R2B-3b-3: readiness needs the exact coordinator and the exact candidate	readiness needs the exact coordinator and the exact candidate
tests/test_kernel.cpp	R2B-3b-2: an aborted candidate cannot be admitted afterwards, and its queued speech does not escape	an aborted candidate cannot be admitted afterwards, and its queued speech does not escape
tests/test_kernel.cpp	R2B-3b-2a: every abort route produces exactly one terminal outcome	every abort route produces exactly one terminal outcome
tests/test_kernel.cpp	R2B-3b-2a: a duplicate terminalization cannot consume two slots of the bounded terminal store	a duplicate terminalization cannot consume two slots of the bounded terminal store
tests/test_kernel.cpp	R2B-3b-2a: one sealed candidate belongs to at most one active transaction	one sealed candidate belongs to at most one active transaction
tests/test_kernel.cpp	R2B-3b-2a: a committed candidate is public, so it cannot be named as a sealed candidate again	a committed candidate is public, so it cannot be named as a sealed candidate again
tests/test_kernel.cpp	R2B-3b-2a: aborting one transaction does not duplicate its result, disturb another, or consume the other's terminal capacity	aborting one transaction does not duplicate its result, disturb another, or consume the other's terminal capacity
tests/test_kernel.cpp	R2B-3b-3: an immediate answer and one deferred across deliveries are the same readiness	an immediate answer and one deferred across deliveries are the same readiness
tests/test_kernel.cpp	R2B-3b-3: an immediate readiness answer consumes no deferred-answer capacity	an immediate readiness answer consumes no deferred-answer capacity
tests/test_kernel.cpp	R2B-3b-3: a forged readiness has the right shape and is not an answer	a forged readiness has the right shape and is not an answer
tests/test_kernel.cpp	R2B-3b-3: an authentic answer to a DIFFERENT ask, with the right correlation, is not the readiness answer	an authentic answer to a DIFFERENT ask, with the right correlation, is not the readiness answer
tests/test_kernel.cpp	R2B-3b-3: answering the readiness instead of consuming it does not make the next exchange the readiness	answering the readiness instead of consuming it does not make the next exchange the readiness
tests/test_kernel.cpp	R2B-3b-3: a delivery live on one Loom confers nothing on another	a delivery live on one Loom confers nothing on another
tests/test_kernel.cpp	R2B-3b-3: an authentic answer that names another transaction satisfies neither	an authentic answer that names another transaction satisfies neither
tests/test_kernel.cpp	R2B-3b-3: one ask, one answer — a replay and a second answer both refuse	one ask, one answer — a replay and a second answer both refuse
tests/test_kernel.cpp	R2B-3b-3: the candidate's own refusal ends the transaction once, and the incumbent never learns of it	the candidate's own refusal ends the transaction once, and the incumbent never learns of it
tests/test_kernel.cpp	R2B-3b-3: a forged refusal cannot abort a legitimate transaction	a forged refusal cannot abort a legitimate transaction
tests/test_kernel.cpp	R2B-3b-3: an authentic answer offered against a transaction that has ended is late, and revives nothing	an authentic answer offered against a transaction that has ended is late, and revives nothing
tests/test_kernel.cpp	R2B-3b-3: the budget keeps running through a deferred preparation, and exhausting it ends the transaction once	the budget keeps running through a deferred preparation, and exhausting it ends the transaction once
tests/test_kernel.cpp	R2B-3b-3: a lifecycle change during preparation aborts before any answer can land	a lifecycle change during preparation aborts before any answer can land
tests/test_kernel.cpp	R2B-3b-3: the role drifting under a live preparation refuses the readiness	the role drifting under a live preparation refuses the readiness
tests/test_kernel.cpp	R2B-3b-3: a sealed dynamic candidate prepares across deliveries, answers for itself, and only then becomes the service	a sealed dynamic candidate prepares across deliveries, answers for itself, and only then becomes the service
tests/test_kernel.cpp	R2B-3b-3: the same readiness, answered inside the preparation handler	the same readiness, answered inside the preparation handler
tests/test_kernel.cpp	R2B-3b-3: queued production waiting on the role reaches the new service only after its activation	queued production waiting on the role reaches the new service only after its activation
tests/test_kernel.cpp	R2B-3b-3: a real candidate's refusal ends it, and v1 never notices	a real candidate's refusal ends it, and v1 never notices
tests/test_kernel.cpp	R2B-3b-3: every pre-commit failure leaves v1 serving and the candidate outside	every pre-commit failure leaves v1 serving and the candidate outside
tests/test_kernel.cpp	R2B-3b-3: a candidate artifact that cannot load never becomes a candidate	a candidate artifact that cannot load never becomes a candidate
tests/test_kernel.cpp	R2B-3b-3: after a successful commit, retirement failing changes nothing about the new service	after a successful commit, retirement failing changes nothing about the new service
tests/test_kernel.cpp	R2B-3b-3: the artifact contracts are the real ones, at preparation and at commit	the artifact contracts are the real ones, at preparation and at commit
tests/test_kernel.cpp	R2B-3b-3a: a lifecycle-driven abort releases the candidate's artifact, and nobody had to ask	a lifecycle-driven abort releases the candidate's artifact, and nobody had to ask
tests/test_kernel.cpp	R2B-3b-3a: shutdown after a lifecycle-driven abort repeats no destruction	shutdown after a lifecycle-driven abort repeats no destruction
tests/test_kernel.cpp	R2B-3b-3a: a released candidate name is reusable, and nothing of the old artifact comes back with it	a released candidate name is reusable, and nothing of the old artifact comes back with it
tests/test_kernel.cpp	R2B-3b-3a: the committed candidate is the service, in the Kernel's books as well as the Switchboard's	the committed candidate is the service, in the Kernel's books as well as the Switchboard's
tests/test_kernel.cpp	R2B-3b-3a: unloading the retired incumbent does not disturb the new service	unloading the retired incumbent does not disturb the new service
tests/test_kernel.cpp	R2B-3b-3a: a role moved by DIRECT admission — no transaction at all — is seen by the Kernel immediately	a role moved by DIRECT admission — no transaction at all — is seen by the Kernel immediately
tests/test_kernel.cpp	R2B-3b-3a: Kernel::commit_candidate leaves no bookkeeping to catch up	Kernel::commit_candidate leaves no bookkeeping to catch up
tests/test_kernel.cpp	R2B-3b-3a: reloading a weave a transaction bound as its candidate releases the artifact, and the reload says so	reloading a weave a transaction bound as its candidate releases the artifact, and the reload says so
tests/test_kernel.cpp	R2B-3b-3a: an adapter a host keeps holds its library open, and the Kernel says so	an adapter a host keeps holds its library open, and the Kernel says so
tests/test_kernel.cpp	R2B-3b-3a: unloading an artifact whose adapter a host still holds does not close its library early	unloading an artifact whose adapter a host still holds does not close its library early
tests/test_kernel.cpp	R2B-3b-3a: every artifact status is reachable, and aliveness outranks the seal	every artifact status is reachable, and aliveness outranks the seal
tests/test_kernel.cpp	R2B-3b-3a: a namesake load is not reaped by its predecessor's adapter	a namesake load is not reaped by its predecessor's adapter
tests/test_kernel.cpp	R2B-3b-3a: a candidate that loads but cannot be sealed leaves no artifact behind	a candidate that loads but cannot be sealed leaves no artifact behind
tests/test_kernel.cpp	R2B-3d: admission and first breath are one event — v2 is never publicly the service without having been told	admission and first breath are one event — v2 is never publicly the service without having been told
tests/test_kernel.cpp	R2B-3d: THE ORIGINAL DEFECT — a coordinator with no zen.Activated grant admits, and the activation is authentic anyway	a coordinator with no zen.Activated grant admits, and the activation is authentic anyway
tests/test_kernel.cpp	R2B-3d: an ordinary weave holding the grant sends a perfect zen.Activated that is not a lifecycle fact	an ordinary weave holding the grant sends a perfect zen.Activated that is not a lifecycle fact
tests/test_kernel.cpp	R2B-3d: a candidate that cannot receive its own activation is not admissible, and the refusal happens before anything moves	a candidate that cannot receive its own activation is not admissible, and the refusal happens before anything moves
tests/test_kernel.cpp	R2B-3d: a transaction whose candidate cannot be activated ends Aborted, and the incumbent never learns of it	a transaction whose candidate cannot be activated ends Aborted, and the incumbent never learns of it
tests/test_kernel.cpp	R2B-3d: a scheduled admission whose world drifts before dispatch refuses, and the incumbent is still the service	a scheduled admission whose world drifts before dispatch refuses, and the incumbent is still the service
tests/test_kernel.cpp	R2B-3d: two admissions racing for one role — the first wins whole, the second refuses whole	two admissions racing for one role — the first wins whole, the second refuses whole
tests/test_kernel.cpp	R2B-3d: aborting a pending admission stops it, once — the queued action cannot revive a transaction that has ended	aborting a pending admission stops it, once — the queued action cannot revive a transaction that has ended
tests/test_kernel.cpp	R2B-3d: a pending admission holds its promises — no second commit, no second candidate, no readiness, no budget	a pending admission holds its promises — no second commit, no second candidate, no readiness, no budget
tests/test_kernel.cpp	R2B-3d: the admission dispatch keeps activation-first ordering, unrelated FIFO, and drops nothing	the admission dispatch keeps activation-first ordering, unrelated FIFO, and drops nothing
tests/test_kernel.cpp	R2B-3d: a foreign lifecycle authority cannot even schedule an admission	a foreign lifecycle authority cannot even schedule an admission
tests/test_kernel.cpp	R2B-3d: a lifecycle change during a pending admission ends the transaction, releases the candidate's artifact, and leaves the Kernel agreeing with the Switchboard	a lifecycle change during a pending admission ends the transaction, releases the candidate's artifact, and leaves the Kernel agreeing with the Switchboard
tests/test_kernel.cpp	R2B-3d: a stale queued admission cannot land on a namesake artifact loaded in the candidate's place	a stale queued admission cannot land on a namesake artifact loaded in the candidate's place
tests/test_kernel.cpp	R2B-3d-1: a candidate cannot answer its own activation, cannot defer an answer to it, and is not thereby made mute	a candidate cannot answer its own activation, cannot defer an answer to it, and is not thereby made mute
tests/test_kernel.cpp	R2B-3d-1: an activation's refused deferral consumes none of the bounded capacity — proven with the registry held one slot from full	an activation's refused deferral consumes none of the bounded capacity — proven with the registry held one slot from full
tests/test_kernel.cpp	R2B-3d-1: nothing delivered because of an activation can later be made to look like an answer	nothing delivered because of an activation can later be made to look like an answer
tests/test_kernel.cpp	R2B-3d-1: an ORDINARY zen.Activated-shaped message is still answerable — the distinction is provenance, not payload type	an ORDINARY zen.Activated-shaped message is still answerable — the distinction is provenance, not payload type
tests/test_kernel.cpp	R2B-3d-1: the dynamic candidate tries all three across the library seam	the dynamic candidate tries all three across the library seam
tests/test_kernel.cpp	R2B-4a: the facade vertical — a Night-Lab-shaped v1->v2 replacement drives only the handle, and the substrate underneath is unchanged	a whole v1->v2 replacement drives only the handle, and the substrate underneath is unchanged
tests/test_kernel.cpp	R2B-4a: the deferred candidate is identical from the coordinator's side	the deferred candidate is identical from the coordinator's side
tests/test_kernel.cpp	R2B-4a: the candidate's refusal arrives whole — reason, cleanup, and a serving incumbent, with no facade interpretation on top	the candidate's refusal arrives whole — reason, cleanup, and a serving incumbent, with no facade interpretation on top
tests/test_kernel.cpp	R2B-4a: the start-failure ladder — every rung leaves the world exactly as it was	the start-failure ladder — every rung leaves the world exactly as it was
tests/test_kernel.cpp	R2B-4a: a delivery offered to the wrong handle refuses, consumes nothing, and the right handle still collects it	a delivery offered to the wrong handle refuses, consumes nothing, and the right handle still collects it
tests/test_kernel.cpp	R2B-4a: two handles, one operator — each collects exactly its own outcome	two handles, one operator — each collects exactly its own outcome
tests/test_kernel.cpp	R2B-4a: dropping a live handle changes nothing — a scope is not a lifecycle decision	dropping a live handle changes nothing — a scope is not a lifecycle decision
tests/test_kernel.cpp	R2B-4a: the handle's state is the Switchboard's, under every mutation the facade never saw coming	the handle's state is the Switchboard's, under every mutation the facade never saw coming
tests/test_kernel.cpp	R2B-4a: the activation sequence is the caller's, passed through exactly — and gaps obey the existing law	the activation sequence is the caller's, passed through exactly — and gaps obey the existing law
tests/test_kernel.cpp	R2B-4a: the budget is the author's, one unit per tick, and nothing ticks it secretly	the budget is the author's, one unit per tick, and nothing ticks it secretly
tests/test_kernel.cpp	R2B-4a: every refusal keeps the substrate's own words	every refusal keeps the substrate's own words
tests/test_kernel.cpp	R2D-0/v5: a loaded weave deliberately authors office speech through every door, and its personal speech stays personal	a loaded weave deliberately authors office speech through every door, and its personal speech stays personal
tests/test_kernel.cpp	R2D-0/v5: a loaded weave's request to speak for an office it does not hold is refused across the seam — precisely, and nothing is queued	a loaded weave's request to speak for an office it does not hold is refused across the seam — precisely, and nothing is queued
tests/test_kernel.cpp	R2D-0/v5: inbound office provenance crosses the seam — authored_from_role answers identically on both sides	inbound office provenance crosses the seam — authored_from_role answers identically on both sides
tests/test_kernel.cpp	R2D-0/v5: the previous-ABI artifact refuses at load by version — no instance becomes live, no capability goes silently missing	the previous-ABI artifact refuses at load by version — no instance becomes live, no capability goes silently missing
tests/test_kernel.cpp	R2E-0/S3: a committed admission moves the role in place — the predecessor's office claim survives, stamped stale, and is never attributed to the successor	a committed admission moves the role in place — the predecessor's office claim survives, stamped stale, and is never attributed to the successor
tests/test_kernel.cpp	R2E-0/S3: a SEALED candidate cannot claim as the office it does not yet hold — an office Sense cannot appear before legal activation	a SEALED candidate cannot claim as the office it does not yet hold — an office Sense cannot appear before legal activation
tests/test_kernel.cpp	R2E-0/v6: a LOADED weave claims, is refused a forged office claim, and reads its own claim back synchronously — the same four verbs, the same meanings	a LOADED weave claims, is refused a forged office claim, and reads its own claim back synchronously — the same four verbs, the same meanings
tests/test_kernel.cpp	R2E-0a/v6: a dynamic observation reports the EXACT authored office identity — a name past the old buffer bound crosses whole, not as a plausible prefix	a dynamic observation reports the EXACT authored office identity — a name past 127 bytes crosses whole, not as a plausible prefix
tests/test_kernel.cpp	R2E-0a/v6: a LOADED reader is told the incarnation moved while the life stood — the two generation facts cross the seam separately	a LOADED reader is told the incarnation moved while the life stood — the two generation facts cross the seam separately
tests/test_kernel.cpp	R2E-0a/v6: two long offices differing ONLY past the old bound stay distinguishable across the seam — truncation would report them as the same office	two long offices differing ONLY past 127 bytes stay distinguishable across the seam — truncation would report them as the same office
tests/test_kernel.cpp	R2E-0/v6: a loaded weave without observe authority is refused a read, and its claim of an undeclared shape is refused — the seam carries the distinct reasons	a loaded weave without observe authority is refused a read, and its claim of an undeclared shape is refused — the seam carries the distinct reasons
tests/test_kernel.cpp	R2E-0/P-011: a loaded weave's unresolvable emission leaves ONE Loom-owned fact, naming the sender, the claimed shape and the seam that refused it	a loaded weave's unresolvable emission leaves ONE Loom-owned fact, naming the sender, the claimed shape and the seam that refused it
tests/test_kernel.cpp	R2E-0/P-011: the comparable NATIVE reach is still observable, and now the two tiers report at the same altitude	the comparable NATIVE reach is still observable, and the two tiers report at the same altitude
tests/test_kernel.cpp	R2E-0/P-011: an ordinary successful dynamic emission produces NO seam refusal — the diagnostic fires on rejection only	an ordinary successful dynamic emission produces NO seam refusal — the diagnostic fires on rejection only
tests/test_kernel.cpp	FRIC-0: an unresolvable PUBLICATION from a loaded weave leaves no refusal, because an unresolvable shape has no accepter and the publication reached nobody	an unresolvable PUBLICATION from a loaded weave leaves no refusal, because an unresolvable shape has no accepter and the publication reached nobody
tests/test_kernel.cpp	FRIC-0: a PUBLICATION whose shape resolves and whose bytes fail the gate is still refused — the delivery that should have happened did not	a PUBLICATION whose shape resolves and whose bytes fail the gate is still refused — the delivery that should have happened did not
tests/test_kernel.cpp	FRIC-0: taking the address away is the ONLY difference — the same shape, from the same seam, addressed to a role is still refused	taking the address away is the ONLY difference — the same shape, from the same seam, addressed to a role is still refused
tests/test_kernel.cpp	R2F-B: a candidate cannot unregister itself from its committed activation	a candidate cannot unregister itself from its committed activation
tests/test_kernel.cpp	R2F-B: the transaction's own discard cannot destroy the weave whose callback is running	the transaction's own discard cannot destroy the weave whose callback is running
tests/test_kernel.cpp	KERN-04 / v8: an image built against the previous ABI cannot replace a live participant -- refused before any callback of anybody's, and the incumbent stands	KERN-04: an image built against the previous ABI cannot replace a live participant -- refused before any callback of anybody's, and the incumbent stands
